{
  "id": "",
  "name": "",
  "font_family": "iconfont",
  "css_prefix_text": "icon-",
  "description": "",
  "glyphs": [
    {
      "icon_id": "2127156",
      "name": "分类",
      "font_class": "fenlei",
      "unicode": "e616",
      "unicode_decimal": 58902
    },
    {
      "icon_id": "3292510",
      "name": "碗",
      "font_class": "wan",
      "unicode": "e807",
      "unicode_decimal": 59399
    },
    {
      "icon_id": "3764364",
      "name": "我的",
      "font_class": "weibiaoti-",
      "unicode": "e614",
      "unicode_decimal": 58900
    },
    {
      "icon_id": "4166087",
      "name": "购物车",
      "font_class": "gouwuche",
      "unicode": "e610",
      "unicode_decimal": 58896
    },
    {
      "icon_id": "4485667",
      "name": "搜索",
      "font_class": "sousuo",
      "unicode": "e530",
      "unicode_decimal": 58672
    },
    {
      "icon_id": "6345257",
      "name": "我的",
      "font_class": "wode",
      "unicode": "e601",
      "unicode_decimal": 58881
    },
    {
      "icon_id": "9874523",
      "name": "KHCFDC_首页",
      "font_class": "shouye",
      "unicode": "e6da",
      "unicode_decimal": 59098
    }
  ]
}
